dataset,A,B,metric,theta_A,theta_B,delta,ci,ci_low,ci_high,width,ASL_p,significant,closed_form_alternative
BreastCancer,RF,GaussNB,accuracy,0.9766081871345029,0.935672514619883,0.040935672514619936,"[0.0117, 0.0760]",0.011695906432748537,0.07602339181286555,0.06432748538011701,0.0175,True,McNemar (exact)
BreastCancer,RF,GaussNB,f1,0.967741935483871,0.9105691056910569,0.05717282979281413,"[0.0137, 0.1121]",0.013726475250495725,0.1121072209048217,0.09838074565432597,0.0284,True,none
BreastCancer,RF,GaussNB,mcc,0.9506398982875777,0.8622061187899139,0.08843377949766373,"[0.0237, 0.1659]",0.023691172598574894,0.1659095632746536,0.1422183906760787,0.0186,True,none
BreastCancer,RF,GaussNB,balanced_accuracy,0.96875,0.923481308411215,0.04526869158878499,"[0.0072, 0.0883]",0.007205967817182852,0.08831704420898806,0.0811110763918052,0.0294,True,none
BreastCancer,RF,GaussNB,auroc,0.9963492990654206,0.9932827102803738,0.003066588785046731,"[-0.0014, 0.0092]",-0.0013732072017088592,0.009150436494402427,0.010523643696111286,0.227,False,DeLong
BreastCancer,RF,CART-d3,accuracy,0.9766081871345029,0.9181286549707602,0.05847953216374269,"[0.0292, 0.0994]",0.029239766081871288,0.09941520467836251,0.07017543859649122,0.0028,True,McNemar (exact)
BreastCancer,RF,CART-d3,f1,0.967741935483871,0.8771929824561403,0.0905489530277307,"[0.0400, 0.1548]",0.03999963649581974,0.1547597207837083,0.11476008428788857,0.0031,True,none
BreastCancer,RF,CART-d3,mcc,0.9506398982875777,0.8311783430868064,0.11946155520077129,"[0.0565, 0.1938]",0.05647740109963996,0.1938498025287199,0.13737240142907992,0.0012,True,none
BreastCancer,RF,CART-d3,balanced_accuracy,0.96875,0.890625,0.078125,"[0.0364, 0.1270]",0.036360342555994636,0.12698748991121867,0.09062714735522404,0.0015,True,none
BreastCancer,RF,CART-d3,auroc,0.9963492990654206,0.9191004672897196,0.07724883177570097,"[0.0326, 0.1307]",0.032597318036803755,0.13070731071869496,0.0981099926818912,0.0037,True,DeLong
BreastCancer,LogReg,SVM-RBF,accuracy,0.9707602339181286,0.9590643274853801,0.011695906432748537,"[-0.0175, 0.0409]",-0.01754385964912275,0.040935672514619936,0.05847953216374269,0.5324,False,McNemar (exact)
BreastCancer,LogReg,SVM-RBF,f1,0.96,0.9421487603305785,0.01785123966942148,"[-0.0229, 0.0606]",-0.022898035257276288,0.060631446804443476,0.08352948206171976,0.3668,False,none
BreastCancer,LogReg,SVM-RBF,mcc,0.9376499884661174,0.9142961773954871,0.02335381107063028,"[-0.0379, 0.0827]",-0.037897547167890795,0.0826998211146173,0.12059736828250808,0.4903,False,none
BreastCancer,LogReg,SVM-RBF,balanced_accuracy,0.9640771028037383,0.9453125,0.01876460280373826,"[-0.0161, 0.0556]",-0.01613564251718665,0.05555555555555558,0.07169119807274223,0.3089,False,none
BreastCancer,LogReg,SVM-RBF,auroc,0.997517523364486,0.9972254672897196,0.00029205607476634476,"[-0.0021, 0.0033]",-0.002131287297527762,0.003284261953641653,0.0054155492511694155,0.8179,False,DeLong
pneumoniamnist,CNN@0.50,PixelLogReg,accuracy,0.8285256410256411,0.8733974358974359,-0.04487179487179482,"[-0.0689, -0.0208]",-0.0689102564102565,-0.02083333333333337,0.04807692307692313,0.0004,True,McNemar (exact)
pneumoniamnist,CNN@0.50,PixelLogReg,f1,0.8793686583990981,0.9062870699881376,-0.026918411589039515,"[-0.0437, -0.0108]",-0.04369962696019254,-0.010791307529365909,0.03290831943082663,0.0012,True,none
pneumoniamnist,CNN@0.50,PixelLogReg,mcc,0.6526014597940194,0.7338101215820862,-0.08120866178806685,"[-0.1310, -0.0317]",-0.13103770591363803,-0.03167935481948424,0.0993583510941538,0.0016,True,none
pneumoniamnist,CNN@0.50,PixelLogReg,balanced_accuracy,0.7713675213675213,0.8380341880341879,-0.06666666666666665,"[-0.0967, -0.0374]",-0.09673464073040537,-0.037365559079182736,0.059369081651222635,<1e-04,True,none
pneumoniamnist,CNN@0.50,PixelLogReg,auroc,0.9748739864124479,0.9278325662941047,0.047041420118343225,"[0.0304, 0.0661]",0.03039648968538844,0.06607075302506957,0.03567426333968113,<1e-04,True,DeLong
