label,metric,n_requested,n_actual,reps,est_mean,est_sd,width_mean,width_sd,width_min,width_max,moe_mean,one_over_sqrt_n
CNN accuracy,accuracy,50,50,10,0.836,0.04299870799092558,0.19999999999999996,0.023094010767585053,0.17999999999999994,0.24,0.09999999999999998,0.1414213562373095
CNN accuracy,accuracy,100,100,10,0.8549999999999999,0.024608038433722355,0.13802499999999962,0.011333609065273562,0.12,0.15000000000000002,0.06901249999999981,0.1
CNN accuracy,accuracy,200,200,10,0.829,0.017288403306519897,0.10399999999999998,0.004594682917363411,0.09999999999999998,0.11499999999999999,0.05199999999999999,0.07071067811865475
CNN accuracy,accuracy,400,400,10,0.82825,0.007458216945088148,0.07400624999999991,0.0017421575265235054,0.07250000000000001,0.07750000000000001,0.037003124999999956,0.05
CNN accuracy,accuracy,624,624,1,0.8285256410256411,0.0,0.059294871794871695,0.0,0.059294871794871695,0.059294871794871695,0.029647435897435848,0.04003203845127178
CNN sensitivity,sensitivity,50,50,10,1.0,0.0,0.0,0.0,0.0,0.0,0.0,0.1414213562373095
CNN sensitivity,sensitivity,100,100,10,1.0,0.0,0.0,0.0,0.0,0.0,0.0,0.1
CNN sensitivity,sensitivity,200,200,10,1.0,0.0,0.0,0.0,0.0,0.0,0.0,0.07071067811865475
CNN sensitivity,sensitivity,400,400,10,1.0,0.0,0.0,0.0,0.0,0.0,0.0,0.05
CNN sensitivity,sensitivity,624,624,1,1.0,0.0,0.0,0.0,0.0,0.0,0.0,0.04003203845127178
CNN auroc,auroc,50,50,10,0.9752122241086587,0.019931699424844723,0.06577291487986987,0.045564782645742756,0.0,0.13961038961038963,0.03288645743993494,0.1414213562373095
CNN auroc,auroc,100,100,10,0.9801782682512734,0.00940844258218552,0.044158352650912426,0.01596166503095282,0.027571703488761368,0.07971704405619051,0.022079176325456213,0.1
CNN auroc,auroc,200,200,10,0.9743573333333334,0.007763040768623375,0.03660025886954314,0.00630745915048819,0.023475713384982888,0.048812189377640425,0.01830012943477157,0.07071067811865475
CNN auroc,auroc,400,400,10,0.9764799999999999,0.0026904421592641057,0.024871763239128396,0.0019381977938720684,0.022053772759002443,0.027432342001082244,0.012435881619564198,0.05
CNN auroc,auroc,624,624,1,0.9748739864124479,0.0,0.02078720103384979,0.0,0.02078720103384979,0.02078720103384979,0.010393600516924895,0.04003203845127178
