setting,n,metric,method,true_value,coverage,mc_se,mean_width,inadmissible_rate,mean_bias,M_used
moderate (AUROC~0.85),50,accuracy,percentile,0.7733726476231317,0.94,0.007509993342207438,0.22648600000000005,0.0,-0.0018126476231317403,1000
moderate (AUROC~0.85),50,accuracy,bca,0.7733726476231317,0.943,0.007331507348424336,0.23663044257430055,0.0,-0.0018126476231317403,1000
moderate (AUROC~0.85),50,accuracy,normal,0.7733726476231317,0.941,0.007451107300260817,0.22907954463284838,0.004,-0.0018126476231317403,1000
moderate (AUROC~0.85),50,f1,percentile,0.7319052124983019,0.931,0.008014923580421711,0.30848625394190576,0.0,-0.007366284054952649,1000
moderate (AUROC~0.85),50,f1,bca,0.7319052124983019,0.952,0.006759881655768837,0.3147783035026644,0.0,-0.007366284054952649,1000
moderate (AUROC~0.85),50,f1,normal,0.7319052124983019,0.93,0.008068457101577721,0.3104841053309339,0.005,-0.007366284054952649,1000
moderate (AUROC~0.85),50,mcc,percentile,0.5389305414067709,0.936,0.007739767438366605,0.4609084394801118,0.0,-0.0037617624584756464,1000
moderate (AUROC~0.85),50,mcc,bca,0.5389305414067709,0.949,0.006956938982052382,0.4699117976579896,0.0,-0.0037617624584756464,1000
moderate (AUROC~0.85),50,mcc,normal,0.5389305414067709,0.932,0.00796090447122687,0.4638633818933441,0.004,-0.0037617624584756464,1000
moderate (AUROC~0.85),50,balanced_accuracy,percentile,0.7733726476231317,0.938,0.00762600813007697,0.2344816336660278,0.0,-0.0016221035850268052,1000
moderate (AUROC~0.85),50,balanced_accuracy,bca,0.7733726476231317,0.954,0.006624499981130654,0.23971935645807693,0.0,-0.0016221035850268052,1000
moderate (AUROC~0.85),50,balanced_accuracy,normal,0.7733726476231317,0.93,0.008068457101577721,0.2360674054318063,0.004,-0.0016221035850268052,1000
moderate (AUROC~0.85),50,auroc,percentile,0.8555778168267576,0.927,0.008226238508577293,0.20964859684797255,0.0,-0.00020875441314659372,1000
moderate (AUROC~0.85),50,auroc,bca,0.8555778168267576,0.95,0.006892024376045114,0.22511060638366187,0.0,-0.00020875441314659372,1000
moderate (AUROC~0.85),50,auroc,normal,0.8555778168267576,0.908,0.009139803061335619,0.21220443578468115,0.108,-0.00020875441314659372,1000
moderate (AUROC~0.85),50,auroc,delong,0.8555778168267576,0.909,0.009094998625618366,0.2109752083528968,,-0.00020875441314659372,1000
moderate (AUROC~0.85),100,accuracy,percentile,0.7733726476231317,0.955,0.00655553201502365,0.16179249999999962,0.0,-0.0017526476231317313,1000
moderate (AUROC~0.85),100,accuracy,bca,0.7733726476231317,0.945,0.007209368904418752,0.16539286452025778,0.0,-0.0017526476231317313,1000
moderate (AUROC~0.85),100,accuracy,normal,0.7733726476231317,0.953,0.00669260786241059,0.16316964837533526,0.0,-0.0017526476231317313,1000
moderate (AUROC~0.85),100,f1,percentile,0.7319052124983019,0.953,0.00669260786241059,0.2154925358714574,0.0,-0.004807382645566111,1000
moderate (AUROC~0.85),100,f1,bca,0.7319052124983019,0.962,0.006046155803483734,0.21715565642153456,0.0,-0.004807382645566111,1000
moderate (AUROC~0.85),100,f1,normal,0.7319052124983019,0.947,0.007084560677981384,0.21671372953172185,0.0,-0.004807382645566111,1000
moderate (AUROC~0.85),100,mcc,percentile,0.5389305414067709,0.948,0.007021111023192843,0.3285559869633585,0.0,-0.003635226789716306,1000
moderate (AUROC~0.85),100,mcc,bca,0.5389305414067709,0.955,0.00655553201502365,0.3316531946763968,0.0,-0.003635226789716306,1000
moderate (AUROC~0.85),100,mcc,normal,0.5389305414067709,0.95,0.006892024376045114,0.3305225827277904,0.0,-0.003635226789716306,1000
moderate (AUROC~0.85),100,balanced_accuracy,percentile,0.7733726476231317,0.95,0.006892024376045114,0.1664410996240836,0.0,-0.001689568035785679,1000
moderate (AUROC~0.85),100,balanced_accuracy,bca,0.7733726476231317,0.951,0.006826346021115546,0.16824249493617874,0.0,-0.001689568035785679,1000
moderate (AUROC~0.85),100,balanced_accuracy,normal,0.7733726476231317,0.948,0.007021111023192843,0.1674547622967799,0.0,-0.001689568035785679,1000
moderate (AUROC~0.85),100,auroc,percentile,0.8555778168267576,0.956,0.006485676526007139,0.14895365462029314,0.0,-0.0013135025128018308,1000
moderate (AUROC~0.85),100,auroc,bca,0.8555778168267576,0.959,0.006270486424512857,0.1538103417419111,0.0,-0.0013135025128018308,1000
moderate (AUROC~0.85),100,auroc,normal,0.8555778168267576,0.949,0.006956938982052382,0.15013194872189292,0.0,-0.0013135025128018308,1000
moderate (AUROC~0.85),100,auroc,delong,0.8555778168267576,0.95,0.006892024376045114,0.14991878590550978,,-0.0013135025128018308,1000
moderate (AUROC~0.85),200,accuracy,percentile,0.7733726476231317,0.943,0.007331507348424336,0.11477749999999964,0.0,0.0003573523768682726,1000
moderate (AUROC~0.85),200,accuracy,bca,0.7733726476231317,0.946,0.0071473071852271785,0.11606228357096854,0.0,0.0003573523768682726,1000
moderate (AUROC~0.85),200,accuracy,normal,0.7733726476231317,0.946,0.0071473071852271785,0.11541423653710789,0.0,0.0003573523768682726,1000
moderate (AUROC~0.85),200,f1,percentile,0.7319052124983019,0.952,0.006759881655768837,0.15037639763509555,0.0,-0.00046368814856065143,1000
moderate (AUROC~0.85),200,f1,bca,0.7319052124983019,0.95,0.006892024376045114,0.15083631852753412,0.0,-0.00046368814856065143,1000
moderate (AUROC~0.85),200,f1,normal,0.7319052124983019,0.954,0.006624499981130654,0.15113655289784267,0.0,-0.00046368814856065143,1000
moderate (AUROC~0.85),200,mcc,percentile,0.5389305414067709,0.946,0.0071473071852271785,0.2325729878330404,0.0,0.0008123357159113313,1000
moderate (AUROC~0.85),200,mcc,bca,0.5389305414067709,0.949,0.006956938982052382,0.23368071141849525,0.0,0.0008123357159113313,1000
moderate (AUROC~0.85),200,mcc,normal,0.5389305414067709,0.949,0.006956938982052382,0.2336760535621318,0.0,0.0008123357159113313,1000
moderate (AUROC~0.85),200,balanced_accuracy,percentile,0.7733726476231317,0.939,0.007568289106528638,0.11758601376709507,0.0,0.00039388442007736346,1000
moderate (AUROC~0.85),200,balanced_accuracy,bca,0.7733726476231317,0.948,0.007021111023192843,0.11817236173878755,0.0,0.00039388442007736346,1000
moderate (AUROC~0.85),200,balanced_accuracy,normal,0.7733726476231317,0.937,0.007683163410991592,0.11808145754249552,0.0,0.00039388442007736346,1000
moderate (AUROC~0.85),200,auroc,percentile,0.8555778168267576,0.936,0.007739767438366605,0.10371748244714743,0.0,0.00046073811115159,1000
moderate (AUROC~0.85),200,auroc,bca,0.8555778168267576,0.946,0.0071473071852271785,0.1053370733172382,0.0,0.00046073811115159,1000
moderate (AUROC~0.85),200,auroc,normal,0.8555778168267576,0.932,0.00796090447122687,0.10427226907623591,0.0,0.00046073811115159,1000
moderate (AUROC~0.85),200,auroc,delong,0.8555778168267576,0.935,0.0077958322198467015,0.10418666101891337,,0.00046073811115159,1000
moderate (AUROC~0.85),500,accuracy,percentile,0.7733726476231317,0.946,0.0071473071852271785,0.07276209999999995,0.0,0.0005613523768682827,1000
moderate (AUROC~0.85),500,accuracy,bca,0.7733726476231317,0.953,0.00669260786241059,0.07317283824555854,0.0,0.0005613523768682827,1000
moderate (AUROC~0.85),500,accuracy,normal,0.7733726476231317,0.948,0.007021111023192843,0.0732264913338493,0.0,0.0005613523768682827,1000
moderate (AUROC~0.85),500,f1,percentile,0.7319052124983019,0.948,0.007021111023192843,0.09482204726845352,0.0,0.0003408937734480864,1000
moderate (AUROC~0.85),500,f1,bca,0.7319052124983019,0.948,0.007021111023192843,0.09491405942373503,0.0,0.0003408937734480864,1000
moderate (AUROC~0.85),500,f1,normal,0.7319052124983019,0.951,0.006826346021115546,0.0952489112868923,0.0,0.0003408937734480864,1000
moderate (AUROC~0.85),500,mcc,percentile,0.5389305414067709,0.949,0.006956938982052382,0.14746984684169553,0.0,0.0011699898435920005,1000
moderate (AUROC~0.85),500,mcc,bca,0.5389305414067709,0.954,0.006624499981130654,0.1478564837963063,0.0,0.0011699898435920005,1000
moderate (AUROC~0.85),500,mcc,normal,0.5389305414067709,0.948,0.007021111023192843,0.14824155268528028,0.0,0.0011699898435920005,1000
moderate (AUROC~0.85),500,balanced_accuracy,percentile,0.7733726476231317,0.948,0.007021111023192843,0.07441634067091023,0.0,0.00059311034424789,1000
moderate (AUROC~0.85),500,balanced_accuracy,bca,0.7733726476231317,0.951,0.006826346021115546,0.07460803184313532,0.0,0.00059311034424789,1000
moderate (AUROC~0.85),500,balanced_accuracy,normal,0.7733726476231317,0.949,0.006956938982052382,0.07480160605816033,0.0,0.00059311034424789,1000
moderate (AUROC~0.85),500,auroc,percentile,0.8555778168267576,0.948,0.007021111023192843,0.06566105681365889,0.0,0.00019079967359432858,1000
moderate (AUROC~0.85),500,auroc,bca,0.8555778168267576,0.958,0.006343185319695463,0.06608928368363699,0.0,0.00019079967359432858,1000
moderate (AUROC~0.85),500,auroc,normal,0.8555778168267576,0.949,0.006956938982052382,0.06599409874569662,0.0,0.00019079967359432858,1000
moderate (AUROC~0.85),500,auroc,delong,0.8555778168267576,0.95,0.006892024376045114,0.06596509807679034,,0.00019079967359432858,1000
high (AUROC~0.97),50,accuracy,percentile,0.9114920085625982,0.926,0.008277922444671728,0.14689000000000016,0.0,0.00018799143740184175,1000
high (AUROC~0.97),50,accuracy,bca,0.9114920085625982,0.935,0.0077958322198467015,0.17309057999382776,0.0,0.00018799143740184175,1000
high (AUROC~0.97),50,accuracy,normal,0.9114920085625982,0.928,0.00817410545564467,0.15169472320083507,0.33,0.00018799143740184175,1000
high (AUROC~0.97),50,f1,percentile,0.8917600361516169,0.915,0.008819013550278736,0.20214278341983902,0.0,-0.001827985980122607,1000
high (AUROC~0.97),50,f1,bca,0.8917600361516169,0.968,0.005565608681896351,0.22716482677373223,0.0,-0.001827985980122607,1000
high (AUROC~0.97),50,f1,normal,0.8917600361516169,0.899,0.009528850927577784,0.20543925980298847,0.478,-0.001827985980122607,1000
high (AUROC~0.97),50,mcc,percentile,0.8175063868599003,0.923,0.008430361795320529,0.30254287465450586,0.0,0.0007722999227933865,1000
high (AUROC~0.97),50,mcc,bca,0.8175063868599003,0.959,0.006270486424512857,0.33490696531563907,0.0,0.0007722999227933865,1000
high (AUROC~0.97),50,mcc,normal,0.8175063868599003,0.901,0.009444522221901962,0.3088679535403992,0.33,0.0007722999227933865,1000
high (AUROC~0.97),50,balanced_accuracy,percentile,0.9114920085625982,0.896,0.009653186002558947,0.15150946715427305,0.0,0.00038969917766319993,1000
high (AUROC~0.97),50,balanced_accuracy,bca,0.9114920085625982,0.951,0.006826346021115546,0.16914927782812034,0.0,0.00038969917766319993,1000
high (AUROC~0.97),50,balanced_accuracy,normal,0.9114920085625982,0.887,0.010011543337567888,0.15468997768878684,0.359,0.00038969917766319993,1000
high (AUROC~0.97),50,auroc,percentile,0.971881098061362,0.844,0.011474493452871897,0.0721133746595869,0.0,-0.0004040188274947886,1000
high (AUROC~0.97),50,auroc,bca,0.971881098061362,0.917,0.008724161850859943,0.0963809463961866,0.0,-0.0004040188274947886,1000
high (AUROC~0.97),50,auroc,normal,0.971881098061362,0.816,0.012253326079069309,0.07552161672103577,0.924,-0.0004040188274947886,1000
high (AUROC~0.97),50,auroc,delong,0.971881098061362,0.796,0.012742998077375669,0.07344273328485512,,-0.0004040188274947886,1000
high (AUROC~0.97),100,accuracy,percentile,0.9114920085625982,0.925,0.00832916562447884,0.10746199999999992,0.0,0.0003879914374018556,1000
high (AUROC~0.97),100,accuracy,bca,0.9114920085625982,0.942,0.007391616873188169,0.11710598314477062,0.0,0.0003879914374018556,1000
high (AUROC~0.97),100,accuracy,normal,0.9114920085625982,0.932,0.00796090447122687,0.10919136152679002,0.021,0.0003879914374018556,1000
high (AUROC~0.97),100,f1,percentile,0.8917600361516169,0.94,0.007509993342207438,0.14195290814188447,0.0,-0.0002928543911557341,1000
high (AUROC~0.97),100,f1,bca,0.8917600361516169,0.966,0.005730968504537434,0.14939572815890018,0.0,-0.0002928543911557341,1000
high (AUROC~0.97),100,f1,normal,0.8917600361516169,0.94,0.007509993342207438,0.14327080719738425,0.036,-0.0002928543911557341,1000
high (AUROC~0.97),100,mcc,percentile,0.8175063868599003,0.927,0.008226238508577293,0.2212916733837272,0.0,0.0007709788445533134,1000
high (AUROC~0.97),100,mcc,bca,0.8175063868599003,0.961,0.006122009474020767,0.23205715874792737,0.0,0.0007709788445533134,1000
high (AUROC~0.97),100,mcc,normal,0.8175063868599003,0.928,0.00817410545564467,0.22382788045722132,0.021,0.0007709788445533134,1000
high (AUROC~0.97),100,balanced_accuracy,percentile,0.9114920085625982,0.928,0.00817410545564467,0.11064420395197885,0.0,0.00027118638869657376,1000
high (AUROC~0.97),100,balanced_accuracy,bca,0.9114920085625982,0.955,0.00655553201502365,0.11655155769002126,0.0,0.00027118638869657376,1000
high (AUROC~0.97),100,balanced_accuracy,normal,0.9114920085625982,0.913,0.008912407082264588,0.11192725950481508,0.028,0.00027118638869657376,1000
high (AUROC~0.97),100,auroc,percentile,0.971881098061362,0.885,0.010088359628799917,0.05208545270010655,0.0,0.0003229734696757105,1000
high (AUROC~0.97),100,auroc,bca,0.971881098061362,0.947,0.007084560677981384,0.06142529704203196,0.0,0.0003229734696757105,1000
high (AUROC~0.97),100,auroc,normal,0.971881098061362,0.863,0.010873407929439602,0.053185817889515465,0.515,0.0003229734696757105,1000
high (AUROC~0.97),100,auroc,delong,0.971881098061362,0.861,0.010939789760319894,0.05242022297201073,,0.0003229734696757105,1000
high (AUROC~0.97),200,accuracy,percentile,0.9114920085625982,0.938,0.00762600813007697,0.07773975000000001,0.0,-0.001152008562598134,1000
high (AUROC~0.97),200,accuracy,bca,0.9114920085625982,0.936,0.007739767438366605,0.0811908445544135,0.0,-0.001152008562598134,1000
high (AUROC~0.97),200,accuracy,normal,0.9114920085625982,0.937,0.007683163410991592,0.07854866814404832,0.0,-0.001152008562598134,1000
high (AUROC~0.97),200,f1,percentile,0.8917600361516169,0.945,0.007209368904418752,0.10083462421882515,0.0,-0.0018546911332141414,1000
high (AUROC~0.97),200,f1,bca,0.8917600361516169,0.954,0.006624499981130654,0.10308988613510474,0.0,-0.0018546911332141414,1000
high (AUROC~0.97),200,f1,normal,0.8917600361516169,0.944,0.007270763371201131,0.10146244280711576,0.0,-0.0018546911332141414,1000
high (AUROC~0.97),200,mcc,percentile,0.8175063868599003,0.94,0.007509993342207438,0.15993485698299445,0.0,-0.0023420073699928715,1000
high (AUROC~0.97),200,mcc,bca,0.8175063868599003,0.948,0.007021111023192843,0.16349976904925873,0.0,-0.0023420073699928715,1000
high (AUROC~0.97),200,mcc,normal,0.8175063868599003,0.94,0.007509993342207438,0.16113675503657865,0.0,-0.0023420073699928715,1000
high (AUROC~0.97),200,balanced_accuracy,percentile,0.9114920085625982,0.937,0.007683163410991592,0.0796993951568674,0.0,-0.0011981163354233151,1000
high (AUROC~0.97),200,balanced_accuracy,bca,0.9114920085625982,0.946,0.0071473071852271785,0.0817078923744321,0.0,-0.0011981163354233151,1000
high (AUROC~0.97),200,balanced_accuracy,normal,0.9114920085625982,0.932,0.00796090447122687,0.08033685082245794,0.0,-0.0011981163354233151,1000
high (AUROC~0.97),200,auroc,percentile,0.971881098061362,0.929,0.008121514637061239,0.038127388646470556,0.0,-0.0001312434034409945,1000
high (AUROC~0.97),200,auroc,bca,0.971881098061362,0.954,0.006624499981130654,0.041686774193886625,0.0,-0.0001312434034409945,1000
high (AUROC~0.97),200,auroc,normal,0.971881098061362,0.918,0.008676174272108645,0.03861812891517276,0.013,-0.0001312434034409945,1000
high (AUROC~0.97),200,auroc,delong,0.971881098061362,0.914,0.008865889690267975,0.03835167496791425,,-0.0001312434034409945,1000
high (AUROC~0.97),500,accuracy,percentile,0.9114920085625982,0.939,0.007568289106528638,0.04935069999999981,0.0,-0.00018200856259812482,1000
high (AUROC~0.97),500,accuracy,bca,0.9114920085625982,0.961,0.006122009474020767,0.05027524723404069,0.0,-0.00018200856259812482,1000
high (AUROC~0.97),500,accuracy,normal,0.9114920085625982,0.94,0.007509993342207438,0.04967092902779385,0.0,-0.00018200856259812482,1000
high (AUROC~0.97),500,f1,percentile,0.8917600361516169,0.936,0.007739767438366605,0.0634847519535767,0.0,-0.0006818345056349394,1000
high (AUROC~0.97),500,f1,bca,0.8917600361516169,0.943,0.007331507348424336,0.0639601468111193,0.0,-0.0006818345056349394,1000
high (AUROC~0.97),500,f1,normal,0.8917600361516169,0.944,0.007270763371201131,0.06373253799729296,0.0,-0.0006818345056349394,1000
high (AUROC~0.97),500,mcc,percentile,0.8175063868599003,0.942,0.007391616873188169,0.10163560114289082,0.0,-0.0004817788829947183,1000
high (AUROC~0.97),500,mcc,bca,0.8175063868599003,0.95,0.006892024376045114,0.1023636161893149,0.0,-0.0004817788829947183,1000
high (AUROC~0.97),500,mcc,normal,0.8175063868599003,0.943,0.007331507348424336,0.1020652541393875,0.0,-0.0004817788829947183,1000
high (AUROC~0.97),500,balanced_accuracy,percentile,0.9114920085625982,0.945,0.007209368904418752,0.050511013417140156,0.0,-0.00012530383845441072,1000
high (AUROC~0.97),500,balanced_accuracy,bca,0.9114920085625982,0.951,0.006826346021115546,0.050942260793202354,0.0,-0.00012530383845441072,1000
high (AUROC~0.97),500,balanced_accuracy,normal,0.9114920085625982,0.943,0.007331507348424336,0.050749708953329774,0.0,-0.00012530383845441072,1000
high (AUROC~0.97),500,auroc,percentile,0.971881098061362,0.937,0.007683163410991592,0.02427132035786547,0.0,-0.00010810970275491705,1000
high (AUROC~0.97),500,auroc,bca,0.971881098061362,0.951,0.006826346021115546,0.025157861385619956,0.0,-0.00010810970275491705,1000
high (AUROC~0.97),500,auroc,normal,0.971881098061362,0.926,0.008277922444671728,0.0244453950916999,0.0,-0.00010810970275491705,1000
high (AUROC~0.97),500,auroc,delong,0.971881098061362,0.927,0.008226238508577293,0.02439951776215863,,-0.00010810970275491705,1000
