setting,n,metric,true_delta,coverage_paired,coverage_unpaired,mc_se,mean_width_paired,mean_width_unpaired,width_ratio,boot_corr_AB,rejection_rate,M_used
"small gap, rho=0.8",100,accuracy,0.042567227030108734,0.9466666666666667,0.9983333333333333,0.009173229973577909,0.14664916666666672,0.22198035507870637,1.5136830308982752,0.5547622089951546,0.19666666666666666,600
"small gap, rho=0.8",100,f1,0.04814081954634364,0.9483333333333334,0.9983333333333333,0.009036704987828086,0.17639999984962407,0.2948049909469017,1.6712301088334158,0.6363515095132246,0.17,600
"small gap, rho=0.8",100,mcc,0.08518655389477459,0.9483333333333334,0.9983333333333333,0.009036704987828086,0.29630168048829714,0.45108149227006966,1.5223723723966047,0.5594525894203176,0.22,600
"small gap, rho=0.8",100,auroc,0.042876289384658484,0.9316666666666666,0.995,0.010300800040845446,0.1038524027991028,0.19239839278257181,1.8526137826079647,0.7169356245227854,0.3433333333333333,600
"small gap, rho=0.8",300,accuracy,0.042567227030108734,0.9366666666666666,0.9983333333333333,0.009943358103295406,0.08596777777777785,0.12885857371607787,1.498917118099417,0.5496769771848518,0.4666666666666667,600
"small gap, rho=0.8",300,f1,0.04814081954634364,0.9416666666666667,1.0,0.009568224805361021,0.10132525148558884,0.16767669445892808,1.654836203222019,0.6312455669938154,0.45,600
"small gap, rho=0.8",300,mcc,0.08518655389477459,0.9366666666666666,1.0,0.009943358103295406,0.17346254807733943,0.26123291116363706,1.5059902789342436,0.5532162628249352,0.4816666666666667,600
"small gap, rho=0.8",300,auroc,0.042876289384658484,0.95,1.0,0.008897565210026097,0.058033201982593985,0.11044449686369996,1.9031260225280315,0.7336841341167091,0.8433333333333334,600
"null (A == B), rho=0.8",100,accuracy,0.0,0.96,1.0,0.008000000000000004,0.14853166666666662,0.22618939947490152,1.5228362042318806,0.5550157831304432,0.041666666666666664,600
"null (A == B), rho=0.8",100,f1,0.0,0.9466666666666667,0.9983333333333333,0.009173229973577909,0.17666230818317585,0.29677870904496556,1.6799209299204028,0.6378112365464924,0.04,600
"null (A == B), rho=0.8",100,mcc,0.0,0.9416666666666667,0.9966666666666667,0.009568224805361021,0.30030858683387635,0.45762906510357965,1.5238627370875988,0.5591021798170871,0.05,600
"null (A == B), rho=0.8",100,auroc,0.0,0.9633333333333334,1.0,0.007672702937711736,0.10434990574829582,0.19966076554825887,1.9133775360551257,0.7223158261872838,0.025,600
"null (A == B), rho=0.8",300,accuracy,0.0,0.9583333333333334,1.0,0.008157875086438005,0.08569555555555561,0.1304866876258446,1.5226774221826627,0.5610516769470713,0.043333333333333335,600
"null (A == B), rho=0.8",300,f1,0.0,0.9466666666666667,1.0,0.009173229973577909,0.10077926579710011,0.17037298874210177,1.6905559630203635,0.6452270135660668,0.04833333333333333,600
"null (A == B), rho=0.8",300,mcc,0.0,0.95,1.0,0.008897565210026097,0.17319338780579593,0.2647209033512687,1.5284700340182953,0.5654096382904552,0.04666666666666667,600
"null (A == B), rho=0.8",300,auroc,0.0,0.9383333333333334,1.0,0.009820377529138826,0.0572619546954481,0.11373236116975408,1.9861767167161508,0.7428431636297722,0.056666666666666664,600
