model,metric,estimate,ci_low,ci_high,width,moe,se_boot,bias_boot,method,B,n,n_valid,stratified,boundary_degenerate,z0,accel,ci_str
LogReg,accuracy,0.9707602339181286,0.9239766081871345,0.9883040935672515,0.06432748538011701,0.032163742690058506,0.01281591331214329,2.28070175437578e-05,bca,10000,171,10000,False,False,-0.28244801811015485,-0.07122583089489497,"0.971 [0.924, 0.988]"
LogReg,sensitivity,0.9375,0.8472222222222222,0.9836065573770492,0.13638433515482695,0.06819216757741348,0.030431334499156328,-5.337494872514892e-05,bca,10000,171,10000,False,False,-0.0775324218311967,-0.07530800950958866,"0.938 [0.847, 0.984]"
LogReg,specificity,0.9906542056074766,0.9461671810264798,1.0,0.05383281897352021,0.026916409486760107,0.009166987299903966,3.55421040526549e-05,bca,10000,171,10000,False,False,-0.16137253124530246,-0.16432105977611083,"0.991 [0.946, 1.000]"
LogReg,ppv,0.9836065573770492,0.903685642981457,1.0,0.09631435701854296,0.04815717850927148,0.0161306064005843,3.780608195258495e-05,bca,10000,171,10000,False,False,-0.1529978129483191,-0.16253998620637355,"0.984 [0.904, 1.000]"
LogReg,f1,0.96,0.9074074074074074,0.9850746268656716,0.07766721945826416,0.03883360972913208,0.018106625156559895,-0.0003197756557381526,bca,10000,171,10000,False,False,-0.08155573793071842,-0.06556034502417656,"0.960 [0.907, 0.985]"
LogReg,mcc,0.9376499884661174,0.86082470496191,0.9756252102271404,0.11480050526523045,0.05740025263261522,0.027158847658237277,-1.2423937365668714e-05,bca,10000,171,10000,False,False,-0.07878957024029087,-0.07028695779478958,"0.938 [0.861, 0.976]"
LogReg,auroc,0.997517523364486,0.98790812158448,0.9998433845791324,0.011935262994652307,0.0059676314973261535,0.0020659964453015297,-4.609339991912265e-06,bca,10000,171,10000,False,False,-0.20214930962340275,-0.11806472884530217,"0.998 [0.988, 1.000]"
SVM-RBF,accuracy,0.9590643274853801,0.9122807017543859,0.9766081871345029,0.06432748538011701,0.032163742690058506,0.015010207826182356,0.00017309941520471384,bca,10000,171,10000,False,False,-0.2606012832210639,-0.059058090744826035,"0.959 [0.912, 0.977]"
SVM-RBF,sensitivity,0.890625,0.7924528301886793,0.9516129032258065,0.1591600730371272,0.0795800365185636,0.03920869239960376,0.0003086668303416973,bca,10000,171,10000,False,False,-0.07778384164691524,-0.05214855982518267,"0.891 [0.792, 0.952]"
SVM-RBF,specificity,1.0,1.0,1.0,0.0,0.0,0.0,0.0,bca,10000,171,10000,False,True,-3.890591886413094,0.0,"1.000 [1.000, 1.000]"
SVM-RBF,ppv,1.0,1.0,1.0,0.0,0.0,0.0,0.0,bca,10000,171,10000,False,True,-3.890591886413094,0.0,"1.000 [1.000, 1.000]"
SVM-RBF,f1,0.9421487603305785,0.8842250558071826,0.9752066115702479,0.09098155576306532,0.04549077788153266,0.022120665047242534,-0.0002857447640345345,bca,10000,171,10000,False,False,-0.07778384164691524,-0.05204574692169683,"0.942 [0.884, 0.975]"
SVM-RBF,mcc,0.9142961773954871,0.8375098256092011,0.9620689538624936,0.12455912825329252,0.06227956412664626,0.030304862585114972,0.00022397241416705072,bca,10000,171,10000,False,False,-0.0775324218311967,-0.057557916925292565,"0.914 [0.838, 0.962]"
SVM-RBF,auroc,0.9972254672897196,0.9850034431464413,1.0,0.014996556853558718,0.007498278426779359,0.0025185609559220693,-1.0967126106709024e-05,bca,10000,171,10000,False,False,-0.16645359432144663,-0.14010877571662933,"0.997 [0.985, 1.000]"
RF,accuracy,0.9766081871345029,0.935672514619883,0.9883040935672515,0.052631578947368474,0.026315789473684237,0.011476883669528506,0.00017485380116943894,bca,10000,171,10000,False,False,-0.34512553147047237,-0.08038038233000619,"0.977 [0.936, 0.988]"
RF,sensitivity,0.9375,0.8506903873247285,0.9836065573770492,0.1329161700523207,0.06645808502616035,0.030449800897566024,0.0003361677492961235,bca,10000,171,10000,False,False,-0.09942605041158502,-0.07530800950958866,"0.938 [0.851, 0.984]"
RF,specificity,1.0,1.0,1.0,0.0,0.0,0.0,0.0,bca,10000,171,10000,False,True,-3.890591886413094,0.0,"1.000 [1.000, 1.000]"
RF,ppv,1.0,1.0,1.0,0.0,0.0,0.0,0.0,bca,10000,171,10000,False,True,-3.890591886413094,0.0,"1.000 [1.000, 1.000]"
RF,f1,0.967741935483871,0.9193544081765807,0.9917355371900827,0.07238112901350202,0.03619056450675101,0.016354457440703827,-7.781910478310561e-05,bca,10000,171,10000,False,False,-0.09942605041158502,-0.075230176568861,"0.968 [0.919, 0.992]"
RF,mcc,0.9506398982875777,0.8824549326025292,0.9871947991296203,0.10473986652709111,0.052369933263545554,0.02376612926026002,0.00028485984620763016,bca,10000,171,10000,False,False,-0.09841848125872729,-0.07940021620860503,"0.951 [0.882, 0.987]"
RF,auroc,0.9963492990654206,0.9868698768010423,0.9991862054854033,0.012316328684360944,0.006158164342180472,0.0024884980679292642,1.558925924705079e-05,bca,10000,171,10000,False,False,-0.19039450920483653,-0.06998586742464906,"0.996 [0.987, 0.999]"
GaussNB,accuracy,0.935672514619883,0.8830409356725146,0.9590643274853801,0.07602339181286544,0.03801169590643272,0.01857919986716546,0.00017602339181288507,bca,10000,171,10000,False,False,-0.20342866086162797,-0.04526688697896772,"0.936 [0.883, 0.959]"
GaussNB,sensitivity,0.875,0.7681159420289855,0.9393939393939394,0.17127799736495397,0.08563899868247699,0.041323351475124434,0.00033157138635508954,bca,10000,171,10000,False,False,-0.08633514637816161,-0.047245559126153414,"0.875 [0.768, 0.939]"
GaussNB,specificity,0.9719626168224299,0.9223300970873787,0.9912280701754386,0.0688979730880599,0.03444898654402995,0.01611985162103861,-2.045224623570263e-05,bca,10000,171,10000,False,False,-0.08180723834947223,-0.0921299716551892,"0.972 [0.922, 0.991]"
GaussNB,ppv,0.9491525423728814,0.8571428571428571,0.9846153846153847,0.12747252747252757,0.06373626373626379,0.029028580727029313,-3.0405547253975485e-05,bca,10000,171,10000,False,False,-0.09867036414020376,-0.08872458415747123,"0.949 [0.857, 0.985]"
GaussNB,f1,0.9105691056910569,0.8411214953271028,0.9523809523809523,0.11125945705384954,0.05562972852692477,0.02715514382340445,-0.0005065648720989913,bca,10000,171,10000,False,False,-0.05944207661104868,-0.03680370757261875,"0.911 [0.841, 0.952]"
GaussNB,mcc,0.8622061187899139,0.7642443665315961,0.925387023430519,0.16114265689892293,0.08057132844946147,0.03960008123846485,0.00022035640371664833,bca,10000,171,10000,False,False,-0.057684425107984175,-0.04378454530944723,"0.862 [0.764, 0.925]"
GaussNB,auroc,0.9932827102803738,0.981340781205416,0.9977155910908052,0.016374809885389197,0.008187404942694598,0.0035662093727651294,2.2411761897545013e-05,bca,10000,171,10000,False,False,-0.17382881250166243,-0.046824045388211936,"0.993 [0.981, 0.998]"
CART-d3,accuracy,0.9181286549707602,0.8610860897954065,0.9473684210526315,0.08628233125722506,0.04314116562861253,0.020744415421615772,4.38596491227905e-05,bca,10000,171,10000,False,False,-0.17841126887443365,-0.03887522251263824,"0.918 [0.861, 0.947]"
CART-d3,sensitivity,0.78125,0.6666666666666666,0.8695652173913043,0.2028985507246377,0.10144927536231885,0.05172544284163012,-0.00012054507767211842,bca,10000,171,10000,False,False,-0.03510000177270885,-0.02834733547569204,"0.781 [0.667, 0.870]"
CART-d3,specificity,1.0,1.0,1.0,0.0,0.0,0.0,0.0,bca,10000,171,10000,False,True,-3.890591886413094,0.0,"1.000 [1.000, 1.000]"
CART-d3,ppv,1.0,1.0,1.0,0.0,0.0,0.0,0.0,bca,10000,171,10000,False,True,-3.890591886413094,0.0,"1.000 [1.000, 1.000]"
CART-d3,f1,0.8771929824561403,0.8,0.9302325581395349,0.13023255813953483,0.06511627906976741,0.032869137646007164,-0.0010296411353487578,bca,10000,171,10000,False,False,-0.03510000177270885,-0.028202906822065457,"0.877 [0.800, 0.930]"
CART-d3,mcc,0.8311783430868064,0.7432182623932468,0.8999706703874604,0.15675240799421353,0.07837620399710676,0.039448976971163154,-0.00021739972557088816,bca,10000,171,10000,False,False,-0.02080651581056588,-0.035944104708797074,"0.831 [0.743, 0.900]"
CART-d3,auroc,0.9191004672897196,0.8537010923000143,0.9594634873323398,0.10576239503232543,0.052881197516162715,0.025644311964689793,4.2212752052850355e-05,bca,10000,171,10000,False,False,-0.05793550714285848,-0.0517866114650519,"0.919 [0.854, 0.959]"
