setting,n,metric,method,true_value,coverage,mc_se,mean_width,M_used,skipped,median_pos
S3 imbalanced (pi=0.10),50,accuracy,percentile,0.7733726476231317,0.9446764091858038,0.00738607920952472,0.22521294363256777,958,42,5.0
S3 imbalanced (pi=0.10),50,accuracy,bca,0.7733726476231317,0.9519832985386222,0.006907614164595274,0.23671279021696034,958,42,5.0
S3 imbalanced (pi=0.10),50,accuracy,normal,0.7733726476231317,0.9478079331941545,0.007185875074985524,0.22862680367756502,958,42,5.0
S3 imbalanced (pi=0.10),50,f1,percentile,0.4056484818624234,0.941544885177453,0.007579647672888566,0.5402595607980213,958,42,5.0
S3 imbalanced (pi=0.10),50,f1,bca,0.4056484818624234,0.9728601252609603,0.005249843614152455,0.5569843110289566,958,42,5.0
S3 imbalanced (pi=0.10),50,f1,normal,0.4056484818624234,0.9311064718162839,0.008182879038019036,0.5477303350721231,958,42,5.0
S3 imbalanced (pi=0.10),50,mcc,percentile,0.36479320212132266,0.9290187891440501,0.008296619942175176,0.5338582033443441,958,42,5.0
S3 imbalanced (pi=0.10),50,mcc,bca,0.36479320212132266,0.9363256784968684,0.007888835050851833,0.5399145856973555,958,42,5.0
S3 imbalanced (pi=0.10),50,mcc,normal,0.36479320212132266,0.9196242171189979,0.008783852879365305,0.5374375728922145,958,42,5.0
S3 imbalanced (pi=0.10),50,balanced_accuracy,percentile,0.7733726476231317,0.6847599164926931,0.015010913679602072,0.3233498834441523,958,42,5.0
S3 imbalanced (pi=0.10),50,balanced_accuracy,bca,0.7733726476231317,0.6941544885177453,0.014886629139189955,0.35956105304808456,958,42,5.0
S3 imbalanced (pi=0.10),50,balanced_accuracy,normal,0.7733726476231317,0.6784968684759917,0.01508981005095728,0.33519462142637535,958,42,5.0
S3 imbalanced (pi=0.10),50,auroc,percentile,0.8555778168267576,0.8037578288100209,0.01283145849769629,0.29738308675994374,958,42,5.0
S3 imbalanced (pi=0.10),50,auroc,bca,0.8555778168267576,0.8862212943632568,0.010259326007377275,0.34254521160427753,958,42,5.0
S3 imbalanced (pi=0.10),50,auroc,normal,0.8555778168267576,0.7797494780793319,0.01338915795116612,0.30952389771055605,958,42,5.0
S3 imbalanced (pi=0.10),50,auroc,delong,0.8555778168267576,0.7766179540709812,0.013456902036006075,,958,42,5.0
S3 imbalanced (pi=0.10),100,accuracy,percentile,0.7733726476231317,0.951,0.006826346021115546,0.16138399999999978,1000,0,10.0
S3 imbalanced (pi=0.10),100,accuracy,bca,0.7733726476231317,0.948,0.007021111023192843,0.16515842307593925,1000,0,10.0
S3 imbalanced (pi=0.10),100,accuracy,normal,0.7733726476231317,0.947,0.007084560677981384,0.16281583929233515,1000,0,10.0
S3 imbalanced (pi=0.10),100,f1,percentile,0.4056484818624234,0.946,0.0071473071852271785,0.3890709251379726,1000,0,10.0
S3 imbalanced (pi=0.10),100,f1,bca,0.4056484818624234,0.961,0.006122009474020767,0.3906160417303661,1000,0,10.0
S3 imbalanced (pi=0.10),100,f1,normal,0.4056484818624234,0.938,0.00762600813007697,0.39158003767839156,1000,0,10.0
S3 imbalanced (pi=0.10),100,mcc,percentile,0.36479320212132266,0.94,0.007509993342207438,0.4001504710075104,1000,0,10.0
S3 imbalanced (pi=0.10),100,mcc,bca,0.36479320212132266,0.943,0.007331507348424336,0.4015225103757958,1000,0,10.0
S3 imbalanced (pi=0.10),100,mcc,normal,0.36479320212132266,0.937,0.007683163410991592,0.40163939957139355,1000,0,10.0
S3 imbalanced (pi=0.10),100,balanced_accuracy,percentile,0.7733726476231317,0.876,0.010422283818818216,0.2677660303763258,1000,0,10.0
S3 imbalanced (pi=0.10),100,balanced_accuracy,bca,0.7733726476231317,0.886,0.010050074626588601,0.29897659069648025,1000,0,10.0
S3 imbalanced (pi=0.10),100,balanced_accuracy,normal,0.7733726476231317,0.873,0.010529529904036551,0.27251133829901975,1000,0,10.0
S3 imbalanced (pi=0.10),100,auroc,percentile,0.8555778168267576,0.889,0.00993373041711924,0.23706790320474044,1000,0,10.0
S3 imbalanced (pi=0.10),100,auroc,bca,0.8555778168267576,0.907,0.009184280047995052,0.2663533334898385,1000,0,10.0
S3 imbalanced (pi=0.10),100,auroc,normal,0.8555778168267576,0.874,0.010493998284733994,0.2412174689856622,1000,0,10.0
S3 imbalanced (pi=0.10),100,auroc,delong,0.8555778168267576,0.872,0.010564847372300274,,1000,0,10.0
S3 imbalanced (pi=0.10),200,accuracy,percentile,0.7733726476231317,0.941,0.007451107300260817,0.11457999999999965,1000,0,20.0
S3 imbalanced (pi=0.10),200,accuracy,bca,0.7733726476231317,0.949,0.006956938982052382,0.11596726358832689,1000,0,20.0
S3 imbalanced (pi=0.10),200,accuracy,normal,0.7733726476231317,0.946,0.0071473071852271785,0.11545612064097266,1000,0,20.0
S3 imbalanced (pi=0.10),200,f1,percentile,0.4056484818624234,0.938,0.00762600813007697,0.27703533042574746,1000,0,20.0
S3 imbalanced (pi=0.10),200,f1,bca,0.4056484818624234,0.953,0.00669260786241059,0.2769129335778049,1000,0,20.0
S3 imbalanced (pi=0.10),200,f1,normal,0.4056484818624234,0.936,0.007739767438366605,0.2786088593717007,1000,0,20.0
S3 imbalanced (pi=0.10),200,mcc,percentile,0.36479320212132266,0.936,0.007739767438366605,0.2861405444572439,1000,0,20.0
S3 imbalanced (pi=0.10),200,mcc,bca,0.36479320212132266,0.942,0.007391616873188169,0.2864517090367759,1000,0,20.0
S3 imbalanced (pi=0.10),200,mcc,normal,0.36479320212132266,0.937,0.007683163410991592,0.28760616906259945,1000,0,20.0
S3 imbalanced (pi=0.10),200,balanced_accuracy,percentile,0.7733726476231317,0.941,0.007451107300260817,0.1947383925183944,1000,0,20.0
S3 imbalanced (pi=0.10),200,balanced_accuracy,bca,0.7733726476231317,0.968,0.005565608681896351,0.20339299611649814,1000,0,20.0
S3 imbalanced (pi=0.10),200,balanced_accuracy,normal,0.7733726476231317,0.93,0.008068457101577721,0.19598432978351796,1000,0,20.0
S3 imbalanced (pi=0.10),200,auroc,percentile,0.8555778168267576,0.917,0.008724161850859943,0.16919028629076222,1000,0,20.0
S3 imbalanced (pi=0.10),200,auroc,bca,0.8555778168267576,0.931,0.008014923580421711,0.18016018948893583,1000,0,20.0
S3 imbalanced (pi=0.10),200,auroc,normal,0.8555778168267576,0.909,0.009094998625618366,0.17050965594173306,1000,0,20.0
S3 imbalanced (pi=0.10),200,auroc,delong,0.8555778168267576,0.906,0.009228434320078352,,1000,0,20.0
S3 imbalanced (pi=0.10),500,accuracy,percentile,0.7733726476231317,0.962,0.006046155803483734,0.07281880000000006,1000,0,50.0
S3 imbalanced (pi=0.10),500,accuracy,bca,0.7733726476231317,0.964,0.005891010100144119,0.07319891406598723,1000,0,50.0
S3 imbalanced (pi=0.10),500,accuracy,normal,0.7733726476231317,0.965,0.005811626278418119,0.07320464008425225,1000,0,50.0
S3 imbalanced (pi=0.10),500,f1,percentile,0.4056484818624234,0.961,0.006122009474020767,0.17498988884116193,1000,0,50.0
S3 imbalanced (pi=0.10),500,f1,bca,0.4056484818624234,0.964,0.005891010100144119,0.17492587894220854,1000,0,50.0
S3 imbalanced (pi=0.10),500,f1,normal,0.4056484818624234,0.96,0.00619677335393187,0.17599275722343805,1000,0,50.0
S3 imbalanced (pi=0.10),500,mcc,percentile,0.36479320212132266,0.961,0.006122009474020767,0.1799692906100166,1000,0,50.0
S3 imbalanced (pi=0.10),500,mcc,bca,0.36479320212132266,0.96,0.00619677335393187,0.18014666464888818,1000,0,50.0
S3 imbalanced (pi=0.10),500,mcc,normal,0.36479320212132266,0.962,0.006046155803483734,0.18078586564111634,1000,0,50.0
S3 imbalanced (pi=0.10),500,balanced_accuracy,percentile,0.7733726476231317,0.951,0.006826346021115546,0.12146248047574185,1000,0,50.0
S3 imbalanced (pi=0.10),500,balanced_accuracy,bca,0.7733726476231317,0.965,0.005811626278418119,0.12327991932575175,1000,0,50.0
S3 imbalanced (pi=0.10),500,balanced_accuracy,normal,0.7733726476231317,0.942,0.007391616873188169,0.12209161364080111,1000,0,50.0
S3 imbalanced (pi=0.10),500,auroc,percentile,0.8555778168267576,0.951,0.006826346021115546,0.10677994548987153,1000,0,50.0
S3 imbalanced (pi=0.10),500,auroc,bca,0.8555778168267576,0.957,0.006414904519944161,0.1098248565487618,1000,0,50.0
S3 imbalanced (pi=0.10),500,auroc,normal,0.8555778168267576,0.944,0.007270763371201131,0.10745014713584208,1000,0,50.0
S3 imbalanced (pi=0.10),500,auroc,delong,0.8555778168267576,0.947,0.007084560677981384,,1000,0,50.0
S4 bimodal positives,50,accuracy,percentile,0.7997061720131899,0.923,0.008430361795320529,0.21612900000000002,1000,0,20.0
S4 bimodal positives,50,accuracy,bca,0.7997061720131899,0.937,0.007683163410991592,0.2289285875050316,1000,0,20.0
S4 bimodal positives,50,accuracy,normal,0.7997061720131899,0.919,0.008627803892068941,0.21934469136049248,1000,0,20.0
S4 bimodal positives,50,f1,percentile,0.724297707811218,0.933,0.007906389820898028,0.34115193210666983,1000,0,20.0
S4 bimodal positives,50,f1,bca,0.724297707811218,0.945,0.007209368904418752,0.3485149334024767,1000,0,20.0
S4 bimodal positives,50,f1,normal,0.724297707811218,0.937,0.007683163410991592,0.3433452374101174,1000,0,20.0
S4 bimodal positives,50,mcc,percentile,0.5767799960609071,0.923,0.008430361795320529,0.4560087939888222,1000,0,20.0
S4 bimodal positives,50,mcc,bca,0.5767799960609071,0.933,0.007906389820898028,0.46701738517967833,1000,0,20.0
S4 bimodal positives,50,mcc,normal,0.5767799960609071,0.92,0.008579044235810886,0.45903563666819835,1000,0,20.0
S4 bimodal positives,50,balanced_accuracy,percentile,0.7760451584332012,0.926,0.008277922444671728,0.2348617468573336,1000,0,20.0
S4 bimodal positives,50,balanced_accuracy,bca,0.7760451584332012,0.937,0.007683163410991592,0.23899948881585026,1000,0,20.0
S4 bimodal positives,50,balanced_accuracy,normal,0.7760451584332012,0.921,0.008529888627643386,0.23633557049396706,1000,0,20.0
S4 bimodal positives,50,auroc,percentile,0.8230150448897603,0.919,0.008627803892068941,0.259082424515218,1000,0,20.0
S4 bimodal positives,50,auroc,bca,0.8230150448897603,0.943,0.007331507348424336,0.2772913156778115,1000,0,20.0
S4 bimodal positives,50,auroc,normal,0.8230150448897603,0.906,0.009228434320078352,0.26186726857009907,1000,0,20.0
S4 bimodal positives,50,auroc,delong,0.8230150448897603,0.908,0.009139803061335619,,1000,0,20.0
S4 bimodal positives,100,accuracy,percentile,0.7997061720131899,0.934,0.007851369307324675,0.1546794999999999,1000,0,40.0
S4 bimodal positives,100,accuracy,bca,0.7997061720131899,0.956,0.006485676526007139,0.15908948633318293,1000,0,40.0
S4 bimodal positives,100,accuracy,normal,0.7997061720131899,0.933,0.007906389820898028,0.15609140942711064,1000,0,40.0
S4 bimodal positives,100,f1,percentile,0.724297707811218,0.938,0.00762600813007697,0.23457767811883257,1000,0,40.0
S4 bimodal positives,100,f1,bca,0.724297707811218,0.951,0.006826346021115546,0.23660646386554107,1000,0,40.0
S4 bimodal positives,100,f1,normal,0.724297707811218,0.933,0.007906389820898028,0.2360221114291512,1000,0,40.0
S4 bimodal positives,100,mcc,percentile,0.5767799960609071,0.946,0.0071473071852271785,0.3227978645966724,1000,0,40.0
S4 bimodal positives,100,mcc,bca,0.5767799960609071,0.949,0.006956938982052382,0.32650755965998607,1000,0,40.0
S4 bimodal positives,100,mcc,normal,0.5767799960609071,0.942,0.007391616873188169,0.3247468774634391,1000,0,40.0
S4 bimodal positives,100,balanced_accuracy,percentile,0.7760451584332012,0.943,0.007331507348424336,0.16538679683756616,1000,0,40.0
S4 bimodal positives,100,balanced_accuracy,bca,0.7760451584332012,0.95,0.006892024376045114,0.1664843363102752,1000,0,40.0
S4 bimodal positives,100,balanced_accuracy,normal,0.7760451584332012,0.941,0.007451107300260817,0.16629450327917686,1000,0,40.0
S4 bimodal positives,100,auroc,percentile,0.8230150448897603,0.944,0.007270763371201131,0.1818440860773811,1000,0,40.0
S4 bimodal positives,100,auroc,bca,0.8230150448897603,0.951,0.006826346021115546,0.18750219927796405,1000,0,40.0
S4 bimodal positives,100,auroc,normal,0.8230150448897603,0.938,0.00762600813007697,0.1832576981689923,1000,0,40.0
S4 bimodal positives,100,auroc,delong,0.8230150448897603,0.936,0.007739767438366605,,1000,0,40.0
S4 bimodal positives,200,accuracy,percentile,0.7997061720131899,0.948,0.007021111023192843,0.10973624999999948,1000,0,80.0
S4 bimodal positives,200,accuracy,bca,0.7997061720131899,0.947,0.007084560677981384,0.11130222261520761,1000,0,80.0
S4 bimodal positives,200,accuracy,normal,0.7997061720131899,0.946,0.0071473071852271785,0.11049940291357838,1000,0,80.0
S4 bimodal positives,200,f1,percentile,0.724297707811218,0.944,0.007270763371201131,0.1653819662114577,1000,0,80.0
S4 bimodal positives,200,f1,bca,0.724297707811218,0.954,0.006624499981130654,0.16611178874711469,1000,0,80.0
S4 bimodal positives,200,f1,normal,0.724297707811218,0.951,0.006826346021115546,0.16631896286249434,1000,0,80.0
S4 bimodal positives,200,mcc,percentile,0.5767799960609071,0.945,0.007209368904418752,0.22967675664888107,1000,0,80.0
S4 bimodal positives,200,mcc,bca,0.5767799960609071,0.946,0.0071473071852271785,0.23085387608236208,1000,0,80.0
S4 bimodal positives,200,mcc,normal,0.5767799960609071,0.949,0.006956938982052382,0.23071023064341364,1000,0,80.0
S4 bimodal positives,200,balanced_accuracy,percentile,0.7760451584332012,0.947,0.007084560677981384,0.11727673914467987,1000,0,80.0
S4 bimodal positives,200,balanced_accuracy,bca,0.7760451584332012,0.95,0.006892024376045114,0.11764122326913955,1000,0,80.0
S4 bimodal positives,200,balanced_accuracy,normal,0.7760451584332012,0.951,0.006826346021115546,0.1179191256315281,1000,0,80.0
S4 bimodal positives,200,auroc,percentile,0.8230150448897603,0.944,0.007270763371201131,0.12870692308533402,1000,0,80.0
S4 bimodal positives,200,auroc,bca,0.8230150448897603,0.948,0.007021111023192843,0.13050804349952805,1000,0,80.0
S4 bimodal positives,200,auroc,normal,0.8230150448897603,0.93,0.008068457101577721,0.12955143696275723,1000,0,80.0
S4 bimodal positives,200,auroc,delong,0.8230150448897603,0.932,0.00796090447122687,,1000,0,80.0
S4 bimodal positives,500,accuracy,percentile,0.7997061720131899,0.949,0.006956938982052382,0.06978559999999993,1000,0,200.0
S4 bimodal positives,500,accuracy,bca,0.7997061720131899,0.943,0.007331507348424336,0.07014193036717294,1000,0,200.0
S4 bimodal positives,500,accuracy,normal,0.7997061720131899,0.951,0.006826346021115546,0.07009530085148992,1000,0,200.0
S4 bimodal positives,500,f1,percentile,0.724297707811218,0.955,0.00655553201502365,0.10362945275599308,1000,0,200.0
S4 bimodal positives,500,f1,bca,0.724297707811218,0.955,0.00655553201502365,0.10379143754684853,1000,0,200.0
S4 bimodal positives,500,f1,normal,0.724297707811218,0.955,0.00655553201502365,0.10396133432473678,1000,0,200.0
S4 bimodal positives,500,mcc,percentile,0.5767799960609071,0.948,0.007021111023192843,0.14505086701975534,1000,0,200.0
S4 bimodal positives,500,mcc,bca,0.5767799960609071,0.949,0.006956938982052382,0.1454241858406449,1000,0,200.0
S4 bimodal positives,500,mcc,normal,0.5767799960609071,0.95,0.006892024376045114,0.1455252276547772,1000,0,200.0
S4 bimodal positives,500,balanced_accuracy,percentile,0.7760451584332012,0.951,0.006826346021115546,0.0740240902905455,1000,0,200.0
S4 bimodal positives,500,balanced_accuracy,bca,0.7760451584332012,0.954,0.006624499981130654,0.07412192601349298,1000,0,200.0
S4 bimodal positives,500,balanced_accuracy,normal,0.7760451584332012,0.954,0.006624499981130654,0.07428332428991244,1000,0,200.0
S4 bimodal positives,500,auroc,percentile,0.8230150448897603,0.949,0.006956938982052382,0.08099957998165228,1000,0,200.0
S4 bimodal positives,500,auroc,bca,0.8230150448897603,0.946,0.0071473071852271785,0.08147770404475603,1000,0,200.0
S4 bimodal positives,500,auroc,normal,0.8230150448897603,0.949,0.006956938982052382,0.08137632694612831,1000,0,200.0
S4 bimodal positives,500,auroc,delong,0.8230150448897603,0.948,0.007021111023192843,,1000,0,200.0
