p_true,n,method,coverage,mc_se,mean_width
0.8,30,wald,0.948,0.0049646752159632785,0.27798791441217147
0.8,30,wilson,0.969,0.003875499967746099,0.2720070511187459
0.8,30,agresti_coull,0.969,0.003875499967746099,0.2803389929483993
0.8,30,clopper_pearson,0.9805,0.003091904752737377,0.3014369142444066
0.8,30,jeffreys,0.9365,0.005452877680637995,0.27147435339170856
0.8,30,boot_percentile,0.948,0.0049646752159632785,0.2744100000000008
0.8,30,boot_bca,0.97,0.003814446224552132,0.30176585147255175
0.8,30,boot_bca_midp,0.9805,0.003091904752737377,0.28360521388313353
0.8,50,wald,0.925,0.0058896094946948715,0.21651829311687884
0.8,50,wilson,0.948,0.0049646752159632785,0.21352251240659637
0.8,50,agresti_coull,0.948,0.0049646752159632785,0.21790431920860448
0.8,50,clopper_pearson,0.9625,0.004248161366991606,0.23201669991307017
0.8,50,jeffreys,0.948,0.0049646752159632785,0.2132404813867915
0.8,50,boot_percentile,0.942,0.005226662414964259,0.2140315000000044
0.8,50,boot_bca,0.967,0.003994433626936366,0.22806396629811843
0.8,50,boot_bca_midp,0.964,0.0041655731898503495,0.2198186343606353
0.8,100,wald,0.933,0.0055906618570612885,0.15557991242202487
0.8,100,wilson,0.9405,0.005289600646551685,0.1543497664988052
0.8,100,agresti_coull,0.9405,0.005289600646551685,0.15594247816122
0.8,100,clopper_pearson,0.9675,0.00396508196636589,0.1640137663670173
0.8,100,jeffreys,0.9535,0.004708383480558906,0.15431668640269752
0.8,100,boot_percentile,0.9595,0.004407933189148855,0.15459549999999947
0.8,100,boot_bca,0.958,0.00448530935387962,0.1591831898967443
0.8,100,boot_bca_midp,0.9625,0.004248161366991606,0.15645381774392955
0.8,200,wald,0.9385,0.005372045699731156,0.11037548965790896
0.8,200,wilson,0.958,0.00448530935387962,0.1099277533069511
0.8,200,agresti_coull,0.958,0.00448530935387962,0.11051031482366071
0.8,200,clopper_pearson,0.958,0.00448530935387962,0.11484383534158463
0.8,200,jeffreys,0.9475,0.004987171041783106,0.1099188702760824
0.8,200,boot_percentile,0.956,0.004586065852122058,0.10983418750000094
0.8,200,boot_bca,0.9555,0.004610843198374891,0.11149581694256128
0.8,200,boot_bca_midp,0.959,0.00443390347211123,0.11046480417085605
0.8,500,wald,0.946,0.005053909377897473,0.07004030241870943
0.8,500,wilson,0.9495,0.0048964145045124596,0.06992368142942697
0.8,500,agresti_coull,0.9495,0.0048964145045124596,0.07007309384015324
0.8,500,clopper_pearson,0.9515,0.004803527349771207,0.07191083222930017
0.8,500,jeffreys,0.9495,0.0048964145045124596,0.06992270520706174
0.8,500,boot_percentile,0.9505,0.004850244839180801,0.06984482499999925
0.8,500,boot_bca,0.953,0.004732388403332932,0.07032103769012826
0.8,500,boot_bca_midp,0.9505,0.004850244839180801,0.06997391565861555
0.9,30,wald,0.817,0.008646126300257245,0.20174743068953824
0.9,30,wilson,0.9785,0.003243281517229114,0.21490389323631282
0.9,30,agresti_coull,0.9785,0.003243281517229114,0.23088243759673344
0.9,30,clopper_pearson,0.9935,0.0017969070649312877,0.23567962631829512
0.9,30,jeffreys,0.9425,0.005205465877325487,0.20572100125010098
0.9,30,boot_percentile,0.96,0.004381780460041331,0.1937787500000011
0.9,30,boot_bca,0.9415,0.0052477495176503994,0.24468432432874443
0.9,30,boot_bca_midp,0.9575,0.004510751046111944,0.22200467092392112
0.9,50,wald,0.872,0.007470475219154402,0.16125738278668283
0.9,50,wilson,0.971,0.0037522659820433853,0.16666304822102757
0.9,50,agresti_coull,0.971,0.0037522659820433853,0.17585621763056078
0.9,50,clopper_pearson,0.971,0.0037522659820433853,0.1806576182887489
0.9,50,jeffreys,0.9385,0.005372045699731156,0.1619700590201457
0.9,50,boot_percentile,0.953,0.004732388403332932,0.15808374999999958
0.9,50,boot_bca,0.9675,0.00396508196636589,0.1846533726992191
0.9,50,boot_bca_midp,0.9825,0.002932042803234629,0.1709573262933571
0.9,100,wald,0.9335,0.005571254347092763,0.11546082595751489
0.9,100,wilson,0.941,0.005268728499363013,0.11728660752402986
0.9,100,agresti_coull,0.97,0.003814446224552132,0.12097592407517196
0.9,100,clopper_pearson,0.957,0.004536022486716751,0.12519875985223486
0.9,100,jeffreys,0.957,0.004536022486716751,0.11552534285687013
0.9,100,boot_percentile,0.963,0.004220841148396847,0.1142430000000016
0.9,100,boot_bca,0.961,0.004328914413568374,0.12391257516053304
0.9,100,boot_bca_midp,0.968,0.003935479640399632,0.11858902404140248
0.9,200,wald,0.9315,0.0056483515294287415,0.08263683532449057
0.9,200,wilson,0.9595,0.004407933189148855,0.08326044120870268
0.9,200,agresti_coull,0.9595,0.004407933189148855,0.08461513865444555
0.9,200,clopper_pearson,0.9695,0.0038451105315712303,0.08755244631920445
0.9,200,jeffreys,0.942,0.005226662414964259,0.08263170963453031
0.9,200,boot_percentile,0.9555,0.004610843198374891,0.08214181250000006
0.9,200,boot_bca,0.965,0.00410944035119139,0.085262038519005
0.9,200,boot_bca_midp,0.968,0.003935479640399632,0.08357878054892351
0.9,500,wald,0.9415,0.0052477495176503994,0.0524061895291627
0.9,500,wilson,0.953,0.004732388403332932,0.05256447375069151
0.9,500,agresti_coull,0.953,0.004732388403332932,0.05291770582849333
0.9,500,clopper_pearson,0.959,0.00443390347211123,0.05439012800533882
0.9,500,jeffreys,0.9455,0.005075911248239078,0.05240244215675098
0.9,500,boot_percentile,0.9505,0.004850244839180801,0.05222940000000047
0.9,500,boot_bca,0.956,0.004586065852122058,0.05304280780292486
0.9,500,boot_bca_midp,0.9535,0.004708383480558906,0.05252075867006821
0.95,30,wald,0.7755,0.00933005225065755,0.13152669567625366
0.95,30,wilson,0.9395,0.005331029450303197,0.17235215910564133
0.95,30,agresti_coull,0.9885,0.0023840878758971907,0.19184427795533412
0.95,30,clopper_pearson,0.9885,0.0023840878758971907,0.1854584070414593
0.95,30,jeffreys,0.9885,0.0023840878758971907,0.1544282763506762
0.95,30,boot_percentile,0.7755,0.00933005225065755,0.11920833333333027
0.95,30,boot_bca,0.717,0.010072512099769353,0.1728406456389874
0.95,30,boot_bca_midp,0.767,0.009452803816857726,0.15652370540225852
0.95,50,wald,0.9215,0.006014056451347959,0.11045116164180464
0.95,50,wilson,0.9625,0.004248161366991606,0.12816659709995062
0.95,50,agresti_coull,0.9625,0.004248161366991606,0.14095727908287106
0.95,50,clopper_pearson,0.988,0.0024347484469653133,0.13711816976774888
0.95,50,jeffreys,0.887,0.007079230184137255,0.11828277570786258
0.95,50,boot_percentile,0.9125,0.006318375978050056,0.10424374999999797
0.95,50,boot_bca,0.855,0.007873214083206426,0.14012574405203573
0.95,50,boot_bca_midp,0.9055,0.006541014829519959,0.12649445910399493
0.95,100,wald,0.882,0.007213736895673421,0.0828671894331947
0.95,100,wilson,0.9675,0.00396508196636589,0.08839696794761072
0.95,100,agresti_coull,0.9675,0.00396508196636589,0.09438040240482347
0.95,100,clopper_pearson,0.986,0.0026271657732240663,0.09423948819051281
0.95,100,jeffreys,0.9415,0.0052477495176503994,0.08460924277669013
0.95,100,boot_percentile,0.9635,0.004193313129257102,0.08118274999999982
0.95,100,boot_bca,0.968,0.003935479640399632,0.09659752306130777
0.95,100,boot_bca_midp,0.9855,0.00267298989897081,0.08887155828063252
0.95,200,wald,0.9245,0.005907611615534657,0.05982899663811884
0.95,200,wilson,0.9675,0.00396508196636589,0.06171591419326985
0.95,200,agresti_coull,0.9675,0.00396508196636589,0.0640195730414614
0.95,200,clopper_pearson,0.9675,0.00396508196636589,0.06525175401020301
0.95,200,jeffreys,0.9505,0.004850244839180801,0.06034247162143723
0.95,200,boot_percentile,0.9595,0.004407933189148855,0.059181437500000475
0.95,200,boot_bca,0.963,0.004220841148396847,0.06470503178118199
0.95,200,boot_bca_midp,0.975,0.003491060010942237,0.06179015196996405
0.95,500,wald,0.934,0.005551756478809205,0.03791392292703743
0.95,500,wilson,0.949,0.004919298730510276,0.03839628451608396
0.95,500,agresti_coull,0.949,0.004919298730510276,0.03900817074501487
0.95,500,clopper_pearson,0.958,0.00448530935387962,0.040025060680449503
0.95,500,jeffreys,0.949,0.004919298730510276,0.038038596217811145
0.95,500,boot_percentile,0.954,0.0046842288586276416,0.037720224999999746
0.95,500,boot_bca,0.9615,0.004302194207610808,0.03904858363501884
0.95,500,boot_bca_midp,0.959,0.00443390347211123,0.03835079543851834
